{
  "countries": [
    {
      "code": "KR",
      "name": {
        "en": "South Korea",
        "ko": "한국",
        "native": "대한민국"
      },
      "coordinates": {
        "lat": 37.5665,
        "lng": 126.978
      },
      "continent": "asia"
    },
    {
      "code": "VN",
      "name": {
        "en": "Vietnam",
        "ko": "베트남",
        "native": "Việt Nam"
      },
      "coordinates": {
        "lat": 14.0583,
        "lng": 108.2772
      },
      "continent": "asia"
    },
    {
      "code": "MY",
      "name": {
        "en": "Malaysia",
        "ko": "말레이시아",
        "native": "Malaysia"
      },
      "coordinates": {
        "lat": 4.2105,
        "lng": 101.9758
      },
      "continent": "asia"
    },
    {
      "code": "ID",
      "name": {
        "en": "Indonesia",
        "ko": "인도네시아",
        "native": "Indonesia"
      },
      "coordinates": {
        "lat": -0.7893,
        "lng": 113.9213
      },
      "continent": "asia"
    },
    {
      "code": "LA",
      "name": {
        "en": "Laos",
        "ko": "라오스",
        "native": "ລາວ"
      },
      "coordinates": {
        "lat": 19.8563,
        "lng": 102.4955
      },
      "continent": "asia"
    },
    {
      "code": "TH",
      "name": {
        "en": "Thailand",
        "ko": "태국",
        "native": "ประเทศไทย"
      },
      "coordinates": {
        "lat": 15.87,
        "lng": 100.9925
      },
      "continent": "asia"
    },
    {
      "code": "KH",
      "name": {
        "en": "Cambodia",
        "ko": "캄보디아",
        "native": "កម្ពុជា"
      },
      "coordinates": {
        "lat": 12.5657,
        "lng": 104.991
      },
      "continent": "asia"
    },
    {
      "code": "IN",
      "name": {
        "en": "India",
        "ko": "인도",
        "native": "भारत"
      },
      "coordinates": {
        "lat": 20.5937,
        "lng": 78.9629
      },
      "continent": "asia"
    },
    {
      "code": "NP",
      "name": {
        "en": "Nepal",
        "ko": "네팔",
        "native": "नेपाल"
      },
      "coordinates": {
        "lat": 28.3949,
        "lng": 84.124
      },
      "continent": "asia"
    },
    {
      "code": "JP",
      "name": {
        "en": "Japan",
        "ko": "일본",
        "native": "日本"
      },
      "coordinates": {
        "lat": 36.2048,
        "lng": 138.2529
      },
      "continent": "asia"
    },
    {
      "code": "AE",
      "name": {
        "en": "UAE",
        "ko": "아랍에미레이트",
        "native": "الإمارات"
      },
      "coordinates": {
        "lat": 23.4241,
        "lng": 53.8478
      },
      "continent": "middle-east"
    },
    {
      "code": "EG",
      "name": {
        "en": "Egypt",
        "ko": "이집트",
        "native": "مصر"
      },
      "coordinates": {
        "lat": 26.8206,
        "lng": 30.8025
      },
      "continent": "africa"
    },
    {
      "code": "ES",
      "name": {
        "en": "Spain",
        "ko": "스페인",
        "native": "España"
      },
      "coordinates": {
        "lat": 40.4637,
        "lng": -3.7492
      },
      "continent": "europe"
    },
    {
      "code": "BG",
      "name": {
        "en": "Bulgaria",
        "ko": "불가리아",
        "native": "България"
      },
      "coordinates": {
        "lat": 42.7339,
        "lng": 25.4858
      },
      "continent": "europe"
    },
    {
      "code": "IT",
      "name": {
        "en": "Italy",
        "ko": "이탈리아",
        "native": "Italia"
      },
      "coordinates": {
        "lat": 41.8719,
        "lng": 12.5674
      },
      "continent": "europe"
    },
    {
      "code": "RS",
      "name": {
        "en": "Serbia",
        "ko": "세르비아",
        "native": "Србија"
      },
      "coordinates": {
        "lat": 44.0165,
        "lng": 21.0059
      },
      "continent": "europe"
    },
    {
      "code": "HU",
      "name": {
        "en": "Hungary",
        "ko": "헝가리",
        "native": "Magyarország"
      },
      "coordinates": {
        "lat": 47.1625,
        "lng": 19.5033
      },
      "continent": "europe"
    },
    {
      "code": "PL",
      "name": {
        "en": "Poland",
        "ko": "폴란드",
        "native": "Polska"
      },
      "coordinates": {
        "lat": 51.9194,
        "lng": 19.1451
      },
      "continent": "europe"
    },
    {
      "code": "CZ",
      "name": {
        "en": "Czech Republic",
        "ko": "체코",
        "native": "Česko"
      },
      "coordinates": {
        "lat": 49.8175,
        "lng": 15.473
      },
      "continent": "europe"
    },
    {
      "code": "BE",
      "name": {
        "en": "Belgium",
        "ko": "벨기에",
        "native": "België"
      },
      "coordinates": {
        "lat": 50.5039,
        "lng": 4.4699
      },
      "continent": "europe"
    },
    {
      "code": "FR",
      "name": {
        "en": "France",
        "ko": "프랑스",
        "native": "France"
      },
      "coordinates": {
        "lat": 46.2276,
        "lng": 2.2137
      },
      "continent": "europe"
    },
    {
      "code": "MA",
      "name": {
        "en": "Morocco",
        "ko": "모로코",
        "native": "المغرب"
      },
      "coordinates": {
        "lat": 31.7917,
        "lng": -7.0926
      },
      "continent": "africa"
    },
    {
      "code": "PT",
      "name": {
        "en": "Portugal",
        "ko": "포르투갈",
        "native": "Portugal"
      },
      "coordinates": {
        "lat": 39.3999,
        "lng": -8.2245
      },
      "continent": "europe"
    },
    {
      "code": "BR",
      "name": {
        "en": "Brazil",
        "ko": "브라질",
        "native": "Brasil"
      },
      "coordinates": {
        "lat": -14.235,
        "lng": -51.9253
      },
      "continent": "south-america"
    },
    {
      "code": "UY",
      "name": {
        "en": "Uruguay",
        "ko": "우루과이",
        "native": "Uruguay"
      },
      "coordinates": {
        "lat": -34.9011,
        "lng": -56.1645
      },
      "continent": "south-america"
    },
    {
      "code": "AR",
      "name": {
        "en": "Argentina",
        "ko": "아르헨티나",
        "native": "Argentina"
      },
      "coordinates": {
        "lat": -38.4161,
        "lng": -63.6167
      },
      "continent": "south-america"
    },
    {
      "code": "CL",
      "name": {
        "en": "Chile",
        "ko": "칠레",
        "native": "Chile"
      },
      "coordinates": {
        "lat": -35.6751,
        "lng": -71.543
      },
      "continent": "south-america"
    },
    {
      "code": "BO",
      "name": {
        "en": "Bolivia",
        "ko": "볼리비아",
        "native": "Bolivia"
      },
      "coordinates": {
        "lat": -16.2902,
        "lng": -63.5887
      },
      "continent": "south-america"
    },
    {
      "code": "PE",
      "name": {
        "en": "Peru",
        "ko": "페루",
        "native": "Perú"
      },
      "coordinates": {
        "lat": -9.19,
        "lng": -75.0152
      },
      "continent": "south-america"
    },
    {
      "code": "EC",
      "name": {
        "en": "Ecuador",
        "ko": "에콰도르",
        "native": "Ecuador"
      },
      "coordinates": {
        "lat": -1.8312,
        "lng": -78.1834
      },
      "continent": "south-america"
    },
    {
      "code": "CO",
      "name": {
        "en": "Colombia",
        "ko": "콜롬비아",
        "native": "Colombia"
      },
      "coordinates": {
        "lat": 4.5709,
        "lng": -74.2973
      },
      "continent": "south-america"
    }
  ]
}
